<application>
  <component name="VimSettings">
    <state version="4" enabled="true" />
    <globalmarks />
    <filemarks>
      <file name="D:/demo/src/spark-2.3.2/core/src/main/scala/org/apache/spark/internal/Logging.scala" timestamp="1542770889684">
        <mark key="'" line="165" column="24" />
      </file>
      <file name="D:/demo/hrbd-sparkjobs/src/main/scala/com/cmbc/base/PS_MSBD_JOB_STG.scala" timestamp="1542788582541">
        <mark key="[" line="62" column="42" />
      </file>
      <file name="D:/demo/hrbd-sparkjobs/src/main/scala/com/cmbc/base/PS_MSBD_HD_EMPL_P_JOB.scala" timestamp="1542788908561">
        <mark key="[" line="57" column="53" />
        <mark key="]" line="58" column="55" />
        <mark key="^" line="58" column="55" />
        <mark key="." line="58" column="55" />
      </file>
      <file name="D:/demo/hrbd-taskschedule/pom.xml" timestamp="1540783919590">
        <mark key="'" line="212" column="56" />
      </file>
      <file name="D:/demo/src/spark-2.3.2/repl/src/main/scala/org/apache/spark/repl/Main.scala" timestamp="1542771857149">
        <mark key="'" line="33" column="2" />
      </file>
      <file name="D:/demo/study-sbt/idea-project/src/main/scala/app.scala" timestamp="1539339867679">
        <mark key="[" line="0" column="0" />
      </file>
      <file name="D:/demo/hrbd-sparkjob/.gitignore" timestamp="1539074917291">
        <mark key="[" line="7" column="0" />
      </file>
      <file name="/sbtShell" timestamp="1542790855014">
        <mark key="[" line="0" column="0" />
      </file>
      <file name="D:/demo/hrbd-sparkjobs/sbin/package-dev-put-hdfs.bat" timestamp="1542790723779">
        <mark key="[" line="3" column="0" />
        <mark key="]" line="3" column="0" />
        <mark key="." line="3" column="0" />
      </file>
      <file name="D:/demo/hrbd-taskschedule/src/test/java/com/sec/schedule/utils/EnCryptUtilsTest.java" timestamp="1542074549921">
        <mark key="[" line="11" column="30" />
        <mark key="]" line="10" column="42" />
        <mark key="." line="10" column="42" />
      </file>
      <file name="D:/demo/hrbd-taskschedule/src/main/java/com/sec/schedule/service/task/Jdbc2FtpImpl.java" timestamp="1542359663066">
        <mark key="[" line="162" column="0" />
        <mark key="]" line="162" column="0" />
        <mark key="." line="162" column="0" />
      </file>
      <file name="D:/demo/src/spark-2.3.2/core/src/main/scala/org/apache/spark/util/Utils.scala" timestamp="1542771729035">
        <mark key="'" line="1638" column="54" />
      </file>
      <file name="D:/demo/hrbd-sparkjobs/src/main/scala/com/cmbc/base/PS_MSBD_HD_DEPT_S_KPI.scala" timestamp="1540966575020">
        <mark key="'" line="120" column="43" />
      </file>
      <file name="D:/demo/hrbd-sparkjobs/src/main/scala/App.scala" timestamp="1539342647098">
        <mark key="[" line="1" column="0" />
      </file>
      <file name="D:/demo/hrbd-taskschedule/src/main/java/com/sec/schedule/cron/JobSchedule.java" timestamp="1540778560867">
        <mark key="[" line="55" column="0" />
        <mark key="]" line="55" column="0" />
        <mark key="." line="55" column="0" />
      </file>
      <file name="D:/demo/src/spark-2.3.2/pom.xml" timestamp="1542765643333">
        <mark key="'" line="628" column="24" />
        <mark key="[" line="330" column="0" />
        <mark key="]" line="330" column="0" />
        <mark key="." line="330" column="0" />
      </file>
      <file name="D:/demo/hrbd-sparkjobs/src/main/scala/com/cmbc/base/PS_MSBD_HD_EMPL.scala" timestamp="1542790172587">
        <mark key="'" line="1528" column="10" />
        <mark key="[" line="2693" column="10" />
        <mark key="]" line="2692" column="21" />
        <mark key="^" line="2692" column="21" />
        <mark key="." line="2692" column="21" />
      </file>
      <file name="D:/demo/src/spark-2.3.2/core/src/test/java/org/apache/spark/GuoTest.java" timestamp="1542778913524">
        <mark key="[" line="9" column="39" />
        <mark key="]" line="9" column="39" />
        <mark key="." line="9" column="39" />
        <mark key="^" line="9" column="39" />
      </file>
      <file name="/Dummy.txt" timestamp="1542361218115">
        <mark key="[" line="0" column="0" />
      </file>
      <file name="D:/demo/hrbd-sparkjobs/build.sbt" timestamp="1540780051714">
        <mark key="[" line="1" column="24" />
        <mark key="]" line="1" column="24" />
        <mark key="." line="1" column="24" />
      </file>
      <file name="D:/demo/src/spark-2.3.2/core/src/main/scala/org/apache/spark/SparkConf.scala" timestamp="1542773601362">
        <mark key="'" line="395" column="0" />
      </file>
      <file name="restClient/response111.json" timestamp="1540629484008">
        <mark key="[" line="1" column="37" />
      </file>
      <file name="D:/demo/hrbd-sparkjobs/.gitignore" timestamp="1539838235892">
        <mark key="[" line="0" column="0" />
      </file>
      <file name="D:/demo/study-sbt/idea-project/src/main/scala/helloworld.scala" timestamp="1539339888085">
        <mark key="[" line="3" column="0" />
      </file>
      <file name="D:/demo/hrbd-sparkjobs/src/main/scala/com/cmbc/base/PS_MSBD_JOB.scala" timestamp="1542788565213">
        <mark key="[" line="69" column="142" />
        <mark key="]" line="70" column="26" />
        <mark key="^" line="70" column="26" />
        <mark key="." line="70" column="26" />
      </file>
      <file name="/fragment.java" timestamp="1542773218041">
        <mark key="[" line="0" column="0" />
      </file>
    </filemarks>
    <jumps>
      <jump line="195" column="41" filename="D:/demo/hrbd-taskschedule/src/main/resources/templates/datasource/jdbc.html" />
      <jump line="196" column="41" filename="D:/demo/hrbd-taskschedule/src/main/resources/templates/datasource/jdbc.html" />
      <jump line="250" column="59" filename="D:/demo/hrbd-taskschedule/src/main/resources/templates/model/modelColumns.html" />
      <jump line="278" column="41" filename="D:/demo/hrbd-taskschedule/src/main/resources/templates/model/modelColumns.html" />
      <jump line="279" column="41" filename="D:/demo/hrbd-taskschedule/src/main/resources/templates/model/modelColumns.html" />
      <jump line="131" column="13" filename="D:/demo/hrbd-taskschedule/src/main/java/com/sec/schedule/service/task/Jdbc2HdfsImpl.java" />
      <jump line="175" column="0" filename="D:/demo/hrbd-taskschedule/src/main/resources/templates/task/taskImplJdbc2Hdfs.html" />
      <jump line="60" column="46" filename="D:/demo/hrbd-taskschedule/src/main/resources/templates/task/taskImplJdbc2Hdfs.html" />
      <jump line="105" column="74" filename="D:/demo/hrbd-taskschedule/src/main/resources/templates/task/taskImplJdbc2Hdfs.html" />
      <jump line="168" column="74" filename="D:/demo/hrbd-taskschedule/src/main/resources/templates/task/taskImplJdbc2Hdfs.html" />
      <jump line="213" column="77" filename="D:/demo/hrbd-taskschedule/src/main/resources/templates/task/taskImplJdbc2Hdfs.html" />
      <jump line="37" column="0" filename="D:/demo/hrbd-taskschedule/src/main/java/com/sec/schedule/conf/SystemConf.java" />
      <jump line="88" column="68" filename="D:/demo/hrbd-taskschedule/src/main/java/com/sec/schedule/service/task/Ftp2HdfsServiceImpl.java" />
      <jump line="121" column="28" filename="D:/demo/hrbd-taskschedule/src/main/java/com/sec/schedule/service/task/Ftp2HdfsServiceImpl.java" />
      <jump line="85" column="42" filename="D:/demo/hrbd-taskschedule/src/main/java/com/sec/schedule/service/task/Jdbc2HdfsImpl.java" />
      <jump line="114" column="17" filename="D:/demo/hrbd-taskschedule/src/main/java/com/sec/schedule/service/task/Jdbc2HdfsImpl.java" />
      <jump line="28" column="28" filename="D:/demo/hrbd-taskschedule/src/main/java/com/sec/schedule/entity/TaskImplFtp2Hdfs.java" />
      <jump line="40" column="6" filename="D:/demo/hrbd-taskschedule/src/main/java/com/sec/schedule/entity/TaskImplFtp2Hdfs.java" />
      <jump line="92" column="5" filename="D:/demo/hrbd-taskschedule/src/main/java/com/sec/schedule/entity/TaskImplFtp2Hdfs.java" />
      <jump line="168" column="0" filename="D:/demo/hrbd-taskschedule/src/main/java/com/sec/schedule/entity/TaskImplFtp2Hdfs.java" />
      <jump line="199" column="83" filename="D:/demo/hrbd-taskschedule/src/main/resources/templates/task/taskImplFtp2Hdfs.html" />
      <jump line="55" column="40" filename="D:/demo/hrbd-taskschedule/src/main/resources/templates/task/taskImplFtp2Hdfs.html" />
      <jump line="10" column="0" filename="D:/demo/hrbd-taskschedule/src/main/java/com/sec/schedule/utils/HdfsUtils.java" />
      <jump line="0" column="0" filename="D:/demo/hrbd-taskschedule/src/main/java/com/sec/schedule/utils/HdfsUtils.java" />
      <jump line="71" column="12" filename="D:/demo/hrbd-taskschedule/src/main/java/com/sec/schedule/service/task/Ftp2HdfsServiceImpl.java" />
      <jump line="72" column="12" filename="D:/demo/hrbd-taskschedule/src/main/java/com/sec/schedule/service/task/Ftp2HdfsServiceImpl.java" />
      <jump line="73" column="12" filename="D:/demo/hrbd-taskschedule/src/main/java/com/sec/schedule/service/task/Ftp2HdfsServiceImpl.java" />
      <jump line="20" column="20" filename="D:/demo/hrbd-taskschedule/src/main/java/com/sec/schedule/utils/HdfsUtils.java" />
      <jump line="13" column="4" filename="D:/demo/hrbd-taskschedule/src/main/java/com/sec/schedule/utils/HdfsUtils.java" />
      <jump line="71" column="61" filename="D:/demo/hrbd-taskschedule/src/main/resources/templates/model/modelList.html" />
      <jump line="107" column="17" filename="D:/demo/hrbd-taskschedule/src/main/java/com/sec/schedule/service/TaskGenerateService.java" />
      <jump line="119" column="69" filename="D:/demo/hrbd-taskschedule/src/main/java/com/sec/schedule/service/task/Ods2DmImpl.java" />
      <jump line="76" column="12" filename="D:/demo/hrbd-taskschedule/src/main/java/com/sec/schedule/service/task/Ods2DmImpl.java" />
      <jump line="87" column="26" filename="D:/demo/hrbd-taskschedule/src/main/java/com/sec/schedule/service/task/Ods2DmImpl.java" />
      <jump line="125" column="43" filename="D:/demo/hrbd-taskschedule/src/main/java/com/sec/schedule/service/task/Ods2DmImpl.java" />
      <jump line="49" column="31" filename="D:/demo/hrbd-taskschedule/src/main/resources/templates/model/modelColumns.html" />
      <jump line="93" column="48" filename="D:/demo/hrbd-taskschedule/src/main/resources/templates/model/modelColumns.html" />
      <jump line="139" column="92" filename="D:/demo/hrbd-taskschedule/src/main/resources/templates/model/modelColumns.html" />
      <jump line="144" column="48" filename="D:/demo/hrbd-taskschedule/src/main/resources/templates/model/modelColumns.html" />
      <jump line="221" column="35" filename="D:/demo/hrbd-taskschedule/src/main/resources/templates/model/modelList.html" />
      <jump line="226" column="44" filename="D:/demo/hrbd-taskschedule/src/main/resources/templates/model/modelList.html" />
      <jump line="242" column="44" filename="D:/demo/hrbd-taskschedule/src/main/resources/templates/model/modelList.html" />
      <jump line="254" column="44" filename="D:/demo/hrbd-taskschedule/src/main/resources/templates/model/modelList.html" />
      <jump line="267" column="64" filename="D:/demo/hrbd-taskschedule/src/main/resources/templates/model/modelList.html" />
      <jump line="50" column="61" filename="D:/demo/hrbd-taskschedule/src/main/resources/templates/model/modelColumns.html" />
      <jump line="57" column="26" filename="D:/demo/hrbd-sparkjob/pom.xml" />
      <jump line="32" column="38" filename="D:/demo/hrbd-sparkjobs/build.sbt" />
      <jump line="37" column="0" filename="D:/demo/hrbd-sparkjobs/build.sbt" />
      <jump line="16" column="47" filename="D:/demo/hrbd-sparkjobs/build.sbt" />
      <jump line="17" column="49" filename="D:/demo/hrbd-sparkjobs/build.sbt" />
      <jump line="52" column="70" filename="D:/demo/hrbd-sparkjobs/build.sbt" />
      <jump line="53" column="70" filename="D:/demo/hrbd-sparkjobs/build.sbt" />
      <jump line="54" column="72" filename="D:/demo/hrbd-sparkjobs/build.sbt" />
      <jump line="11" column="38" filename="D:/demo/hrbd-sparkjobs/build.sbt" />
      <jump line="12" column="26" filename="D:/demo/hrbd-sparkjobs/build.sbt" />
      <jump line="41" column="2" filename="D:/demo/hrbd-sparkjobs/build.sbt" />
      <jump line="2" column="29" filename="D:/demo/hrbd-sparkjobs/build.sbt" />
      <jump line="413" column="10" filename="D:/demo/hrbd-sparkjobs/src/main/scala/com/cmbc/base/PS_MSBD_HD_DEPT_S_KPI.scala" />
      <jump line="270" column="12" filename="D:/demo/hrbd-sparkjobs/src/main/scala/com/cmbc/base/PS_MSBD_HD_DEPT_S_KPI.scala" />
      <jump line="198" column="29" filename="D:/demo/hrbd-sparkjobs/src/main/scala/com/cmbc/report/Report008.scala" />
      <jump line="98" column="20" filename="D:/demo/hrbd-sparkjobs/src/main/scala/com/cmbc/report/Report008.scala" />
      <jump line="187" column="30" filename="D:/demo/hrbd-sparkjobs/src/main/scala/com/cmbc/report/Report008.scala" />
      <jump line="148" column="33" filename="D:/demo/hrbd-sparkjobs/src/main/scala/com/cmbc/base/PS_MSBD_HD_DEPT_S_KPI.scala" />
      <jump line="303" column="27" filename="D:/demo/hrbd-sparkjobs/src/main/scala/com/cmbc/base/PS_MSBD_HD_DEPT_S_KPI.scala" />
      <jump line="444" column="10" filename="D:/demo/hrbd-sparkjobs/src/main/scala/com/cmbc/base/PS_MSBD_HD_DEPT_S_KPI.scala" />
      <jump line="572" column="17" filename="D:/demo/hrbd-sparkjobs/src/main/scala/com/cmbc/base/PS_MSBD_HD_DEPT_S_KPI.scala" />
      <jump line="47" column="0" filename="D:/demo/hrbd-taskschedule/src/main/java/com/sec/schedule/entity/SysMailSender.java" />
      <jump line="8" column="0" filename="D:/demo/hrbd-taskschedule/src/main/java/com/sec/schedule/entity/SysMailSender.java" />
      <jump line="15" column="0" filename="D:/demo/hrbd-taskschedule/src/main/java/com/sec/schedule/entity/SysMailReceiver.java" />
      <jump line="194" column="24" filename="D:/demo/hrbd-taskschedule/pom.xml" />
      <jump line="343" column="40" filename="D:/demo/hrbd-taskschedule/pom.xml" />
      <jump line="349" column="40" filename="D:/demo/hrbd-taskschedule/pom.xml" />
      <jump line="7" column="15" filename="D:/demo/hrbd-taskschedule/pom.xml" />
      <jump line="212" column="56" filename="D:/demo/hrbd-taskschedule/pom.xml" />
      <jump line="285" column="0" filename="D:/demo/hrbd-sparkjobs/src/main/scala/com/cmbc/base/PS_MSBD_HD_DEPT_S_KPI.scala" />
      <jump line="118" column="44" filename="D:/demo/hrbd-sparkjobs/src/main/scala/com/cmbc/base/PS_MSBD_HD_DEPT_S_KPI.scala" />
      <jump line="119" column="46" filename="D:/demo/hrbd-sparkjobs/src/main/scala/com/cmbc/base/PS_MSBD_HD_DEPT_S_KPI.scala" />
      <jump line="120" column="43" filename="D:/demo/hrbd-sparkjobs/src/main/scala/com/cmbc/base/PS_MSBD_HD_DEPT_S_KPI.scala" />
      <jump line="165" column="0" filename="D:/demo/hrbd-sparkjobs/src/main/scala/com/cmbc/base/PS_MSBD_HD_EMPL.scala" />
      <jump line="818" column="19" filename="D:/demo/hrbd-sparkjobs/src/main/scala/com/cmbc/base/PS_MSBD_HD_EMPL.scala" />
      <jump line="1097" column="12" filename="D:/demo/hrbd-sparkjobs/src/main/scala/com/cmbc/base/PS_MSBD_HD_EMPL.scala" />
      <jump line="33" column="2" filename="D:/demo/src/spark-2.3.2/repl/src/main/scala/org/apache/spark/repl/Main.scala" />
      <jump line="2818" column="4" filename="D:/demo/src/spark-2.3.2/pom.xml" />
      <jump line="13" column="60" filename="D:/demo/src/spark-2.3.2/pom.xml" />
      <jump line="232" column="113" filename="D:/demo/src/spark-2.3.2/pom.xml" />
      <jump line="531" column="24" filename="D:/demo/src/spark-2.3.2/pom.xml" />
      <jump line="184" column="37" filename="D:/demo/src/spark-2.3.2/core/src/main/scala/org/apache/spark/internal/Logging.scala" />
      <jump line="200" column="14" filename="D:/demo/src/spark-2.3.2/core/src/main/scala/org/apache/spark/internal/Logging.scala" />
      <jump line="165" column="24" filename="D:/demo/src/spark-2.3.2/core/src/main/scala/org/apache/spark/internal/Logging.scala" />
      <jump line="395" column="0" filename="D:/demo/src/spark-2.3.2/core/src/main/scala/org/apache/spark/SparkConf.scala" />
      <jump line="1638" column="54" filename="D:/demo/src/spark-2.3.2/core/src/main/scala/org/apache/spark/util/Utils.scala" />
      <jump line="2119" column="23" filename="D:/demo/hrbd-sparkjobs/src/main/scala/com/cmbc/base/PS_MSBD_HD_EMPL.scala" />
      <jump line="1482" column="10" filename="D:/demo/hrbd-sparkjobs/src/main/scala/com/cmbc/base/PS_MSBD_HD_EMPL.scala" />
      <jump line="1522" column="10" filename="D:/demo/hrbd-sparkjobs/src/main/scala/com/cmbc/base/PS_MSBD_HD_EMPL.scala" />
      <jump line="1354" column="12" filename="D:/demo/hrbd-sparkjobs/src/main/scala/com/cmbc/base/PS_MSBD_HD_EMPL.scala" />
      <jump line="1543" column="10" filename="D:/demo/hrbd-sparkjobs/src/main/scala/com/cmbc/base/PS_MSBD_HD_EMPL.scala" />
      <jump line="1353" column="12" filename="D:/demo/hrbd-sparkjobs/src/main/scala/com/cmbc/base/PS_MSBD_HD_EMPL.scala" />
      <jump line="1459" column="18" filename="D:/demo/hrbd-sparkjobs/src/main/scala/com/cmbc/base/PS_MSBD_HD_EMPL.scala" />
      <jump line="1486" column="10" filename="D:/demo/hrbd-sparkjobs/src/main/scala/com/cmbc/base/PS_MSBD_HD_EMPL.scala" />
      <jump line="1526" column="10" filename="D:/demo/hrbd-sparkjobs/src/main/scala/com/cmbc/base/PS_MSBD_HD_EMPL.scala" />
    </jumps>
    <registers>
      <register name="&quot;" type="4">
        <text encoding="base64">IA==</text>
      </register>
      <register name="k" type="4">
        <text>mgrlvl_up_c_dim</text>
      </register>
      <register name="-" type="4">
        <text encoding="base64">IA==</text>
      </register>
      <register name="/" type="4">
        <text>job_his</text>
      </register>
      <register name="0" type="4">
        <text encoding="base64">IFN0cmluZ1R5cGU=</text>
      </register>
      <register name="1" type="2">
        <text encoding="base64">ICAgICAgICBBY2N1bXVsYXQK</text>
      </register>
      <register name="2" type="2">
        <text encoding="base64">Cg==</text>
      </register>
      <register name="3" type="2">
        <text encoding="base64">ICAgICAgICAgICAgICAgICAgICBycy4K</text>
      </register>
      <register name="4" type="2">
        <text encoding="base64">ICAgICAgICAgICAgICAgICAgICAgICAgICAgICAgICBmaWxlQ29udGVudFN0ciArPSBycy5nZXRTdHJpbmcoaSk7Cg==</text>
      </register>
      <register name="5" type="2">
        <text encoding="base64">ICAgICAgICAgICAgICAgICAgICAgICAgICAgIGZpbGVDb250ZW50U3RyICs9IFN0cmluZy52YWx1ZU9mKHJzLmdldE9iamVjdChpKSk7Cg==</text>
      </register>
      <register name="6" type="2">
        <text encoding="base64">Cg==</text>
      </register>
      <register name="7" type="2">
        <text encoding="base64">ICAgICAgICAgICAgICAgICAgICAgICAgICAgICAgICAK</text>
      </register>
      <register name="8" type="2">
        <text encoding="base64">ICAgICAgICAgICAgICAgICAgICAgICAgICAgIGZpbGVDb250ZW50U3RyICs9IHJzLmdldFN0cmluZyhpKTsK</text>
      </register>
      <register name="9" type="2">
        <text encoding="base64">ICAgICAgICA8c2NvcGU+cHJvdmlkZWQ8L3Njb3BlPgo=</text>
      </register>
    </registers>
    <search>
      <last-search>job_his</last-search>
      <last-offset />
      <last-pattern>job_his</last-pattern>
      <last-dir>1</last-dir>
      <show-last>false</show-last>
    </search>
    <history>
      <history-search>
        <entry encoding="base64">XDxjaGVja2JveE1vZGVsXD4=</entry>
        <entry>spark-core</entry>
        <entry encoding="base64">XDx2ZXJzaW9uXD4=</entry>
        <entry>hbase.version</entry>
        <entry>scala</entry>
        <entry encoding="base64">XDxwdGF0clw+</entry>
        <entry encoding="base64">XDxwdGF0cl9rcGlcPg==</entry>
        <entry>manager_up</entry>
        <entry encoding="base64">XDxtZ3JsdmxfdXBfY19kaW1cPg==</entry>
        <entry>lib</entry>
        <entry>jar</entry>
        <entry>scope</entry>
        <entry>高绩效</entry>
        <entry>is_s</entry>
        <entry encoding="base64">XDxpc19zZW5pb3JfcGZtXD4=</entry>
        <entry encoding="base64">XDxpbml0aWFsaXplTG9nSWZOZWNlc3NhcnlcPg==</entry>
        <entry>resp</entry>
        <entry>res</entry>
        <entry encoding="base64">XDxpbml0aWFsaXplZFw+</entry>
        <entry>job_his</entry>
      </history-search>
      <history-cmd />
      <history-expr />
      <history-input />
    </history>
    <shortcut-conflicts>
      <shortcut-conflict owner="vim">
        <text>ctrl pressed C</text>
      </shortcut-conflict>
      <shortcut-conflict owner="vim">
        <text>ctrl pressed V</text>
      </shortcut-conflict>
      <shortcut-conflict owner="ide">
        <text>ctrl pressed H</text>
      </shortcut-conflict>
      <shortcut-conflict owner="ide">
        <text>ctrl pressed P</text>
      </shortcut-conflict>
      <shortcut-conflict owner="ide">
        <text>ctrl pressed S</text>
      </shortcut-conflict>
      <shortcut-conflict owner="ide">
        <text>ctrl pressed Q</text>
      </shortcut-conflict>
      <shortcut-conflict owner="vim">
        <text>ctrl pressed D</text>
      </shortcut-conflict>
      <shortcut-conflict owner="vim">
        <text>ctrl pressed O</text>
      </shortcut-conflict>
      <shortcut-conflict owner="vim">
        <text>ctrl pressed X</text>
      </shortcut-conflict>
      <shortcut-conflict owner="ide">
        <text>ctrl pressed BACK_SLASH</text>
      </shortcut-conflict>
      <shortcut-conflict owner="vim">
        <text>ctrl pressed B</text>
      </shortcut-conflict>
      <shortcut-conflict owner="vim">
        <text>ctrl pressed F</text>
      </shortcut-conflict>
      <shortcut-conflict owner="ide">
        <text>ctrl pressed A</text>
      </shortcut-conflict>
    </shortcut-conflicts>
  </component>
</application>